{"cameraMode":{"drawMode":0,"name":"Shaded","section":"Shading Mode"},"sceneLighting":true,"audioPlay":false,"sceneViewState":{"m_AlwaysRefresh":false,"showFog":true,"showSkybox":true,"showFlares":true,"showImageEffects":true,"showParticleSystems":true,"showVisualEffectGraphs":true,"m_FxEnabled":true},"in2DMode":false,"pivot":{"x":-1588.230224609375,"y":32.435325622558597,"z":62.246360778808597},"rotation":{"x":0.018700052052736284,"y":0.8090744614601135,"z":-0.025725796818733217,"w":0.5868621468544006},"size":3.904000997543335,"orthographic":false}