{"cameraMode":{"drawMode":0,"name":"Shaded","section":"Shading Mode"},"sceneLighting":true,"audioPlay":false,"sceneViewState":{"m_AlwaysRefresh":false,"showFog":true,"showSkybox":true,"showFlares":true,"showImageEffects":true,"showParticleSystems":true,"showVisualEffectGraphs":true,"m_FxEnabled":true},"in2DMode":false,"pivot":{"x":962.6849365234375,"y":351.0977478027344,"z":-138.5691680908203},"rotation":{"x":0.024303685873746873,"y":-0.016737325116991998,"z":0.0004662406863644719,"w":0.9995868802070618},"size":321.7711486816406,"orthographic":false}